id,run_id,run_type,run_tag,pmt_id
8,00169,run6_Xe,"LED Calibration",LV2319
9,00169,run6_Xe,"LED Calibration",LV2364
10,00169,run6_Xe,"LED Calibration",LV2391
11,00169,run6_Xe,"LED Calibration",LV2332
12,00169,run6_Xe,"LED Calibration",LV2380
13,00169,run6_Xe,"LED Calibration",LV2387
14,00169,run6_Xe,"LED Calibration",LV2389
1,00170,run6_Xe,"LED Calibration",LV2319
2,00170,run6_Xe,"LED Calibration",LV2364
3,00170,run6_Xe,"LED Calibration",LV2391
4,00170,run6_Xe,"LED Calibration",LV2332
5,00170,run6_Xe,"LED Calibration",LV2380
6,00170,run6_Xe,"LED Calibration",LV2387
7,00170,run6_Xe,"LED Calibration",LV2389
15,00171,run6_Xe,"LED Calibration",LV2319
16,00171,run6_Xe,"LED Calibration",LV2364
17,00171,run6_Xe,"LED Calibration",LV2391
18,00171,run6_Xe,"LED Calibration",LV2332
19,00171,run6_Xe,"LED Calibration",LV2380
20,00171,run6_Xe,"LED Calibration",LV2387
21,00171,run6_Xe,"LED Calibration",LV2389
22,00172,run6_Xe,"LED Calibration",LV2319
23,00172,run6_Xe,"LED Calibration",LV2364
24,00172,run6_Xe,"LED Calibration",LV2391
25,00172,run6_Xe,"LED Calibration",LV2332
26,00172,run6_Xe,"LED Calibration",LV2380
27,00172,run6_Xe,"LED Calibration",LV2387
28,00172,run6_Xe,"LED Calibration",LV2389
29,00174,run6_Xe,"LED Calibration",LV2319
30,00174,run6_Xe,"LED Calibration",LV2364
31,00174,run6_Xe,"LED Calibration",LV2391
32,00174,run6_Xe,"LED Calibration",LV2332
33,00174,run6_Xe,"LED Calibration",LV2380
34,00174,run6_Xe,"LED Calibration",LV2387
35,00174,run6_Xe,"LED Calibration",LV2389
36,00175,run6_Xe,"LED Calibration",LV2319
37,00175,run6_Xe,"LED Calibration",LV2364
38,00175,run6_Xe,"LED Calibration",LV2391
39,00175,run6_Xe,"LED Calibration",LV2332
40,00175,run6_Xe,"LED Calibration",LV2380
41,00175,run6_Xe,"LED Calibration",LV2387
42,00175,run6_Xe,"LED Calibration",LV2389
43,00176,run6_Xe,"LED Calibration",LV2319
44,00176,run6_Xe,"LED Calibration",LV2364
45,00176,run6_Xe,"LED Calibration",LV2391
46,00176,run6_Xe,"LED Calibration",LV2332
47,00176,run6_Xe,"LED Calibration",LV2380
48,00176,run6_Xe,"LED Calibration",LV2387
49,00176,run6_Xe,"LED Calibration",LV2389
50,00177,run6_Xe,"LED Calibration",LV2319
51,00177,run6_Xe,"LED Calibration",LV2364
52,00177,run6_Xe,"LED Calibration",LV2391
53,00177,run6_Xe,"LED Calibration",LV2332
54,00177,run6_Xe,"LED Calibration",LV2380
55,00177,run6_Xe,"LED Calibration",LV2387
56,00177,run6_Xe,"LED Calibration",LV2389
57,00179,run6_Xe,"LED Calibration",LV2389
58,00179,run6_Xe,"LED Calibration",LV2387
59,00179,run6_Xe,"LED Calibration",LV2380
60,00179,run6_Xe,"LED Calibration",LV2332
61,00179,run6_Xe,"LED Calibration",LV2391
62,00179,run6_Xe,"LED Calibration",LV2364
63,00179,run6_Xe,"LED Calibration",LV2319
64,00292,,,LV2234
65,00292,,,LV2232
66,00292,,,LV2425
67,00292,,,LV2426
68,00292,,,LV2268
69,00292,,,LV2390
70,00292,,,LV2229
71,00293,,,LV2234
72,00293,,,LV2232
73,00293,,,LV2425
74,00293,,,LV2426
75,00293,,,LV2268
76,00293,,,LV2390
77,00293,,,LV2229
78,00294,,,LV2234
79,00294,,,LV2232
80,00294,,,LV2425
81,00294,,,LV2426
82,00294,,,LV2268
83,00294,,,LV2390
84,00294,,,LV2229
85,00296,,,LV2234
86,00296,,,LV2232
87,00296,,,LV2425
88,00296,,,LV2426
89,00296,,,LV2268
90,00296,,,LV2390
91,00296,,,LV2229
92,00306,,,LV2234
93,00306,,,LV2232
94,00306,,,LV2425
95,00306,,,LV2426
96,00306,,,LV2268
97,00306,,,LV2390
98,00306,,,LV2229
99,00308,,,LV2233
100,00308,,,LV2265
101,00308,,,LV2235
102,00308,,,LV2418
103,00308,,,LV2407
104,00308,,,LV2231
105,00308,,,LV2331
106,00309,,,LV2233
107,00309,,,LV2265
108,00309,,,LV2235
109,00309,,,LV2418
110,00309,,,LV2407
111,00309,,,LV2231
112,00309,,,LV2331
113,00310,,,LV2233
114,00310,,,LV2265
115,00310,,,LV2235
116,00310,,,LV2418
117,00310,,,LV2407
118,00310,,,LV2231
119,00310,,,LV2331
120,00311,,,LV2233
121,00311,,,LV2265
122,00311,,,LV2235
123,00311,,,LV2418
124,00311,,,LV2407
125,00311,,,LV2231
126,00311,,,LV2331
127,00312,,,LV2419
128,00312,,,LV2417
129,00312,,,LV2433
130,00312,,,LV2424
131,00312,,,LV2336
132,00312,,,LV2365
133,00312,,,LV2362
134,00313,,,LV2419
135,00313,,,LV2417
136,00313,,,LV2433
137,00313,,,LV2424
138,00313,,,LV2336
139,00313,,,LV2365
140,00313,,,LV2362
141,00314,,,LV2419
142,00314,,,LV2417
143,00314,,,LV2433
144,00314,,,LV2424
145,00314,,,LV2336
146,00314,,,LV2365
147,00314,,,LV2362
148,00315,,,LV2419
149,00315,,,LV2417
150,00315,,,LV2433
151,00315,,,LV2424
152,00315,,,LV2336
153,00315,,,LV2365
154,00315,,,LV2362
155,00316,,,LV2360
156,00316,,,LV2255
157,00316,,,LV2338
158,00316,,,LV2247
159,00316,,,LV2248
160,00316,,,LV2324
161,00316,,,LV2334
162,00317,,,LV2360
163,00317,,,LV2255
164,00317,,,LV2338
165,00317,,,LV2247
166,00317,,,LV2248
167,00317,,,LV2324
168,00317,,,LV2334
169,00318,,,LV2360
170,00318,,,LV2255
171,00318,,,LV2338
172,00318,,,LV2247
173,00318,,,LV2248
174,00318,,,LV2324
175,00318,,,LV2334
176,00319,,,LV2360
177,00319,,,LV2255
178,00319,,,LV2338
179,00319,,,LV2247
180,00319,,,LV2248
181,00319,,,LV2324
182,00319,,,LV2334
204,00320,,,LV2328
205,00320,,,LV2326
206,00320,,,LV2342
207,00320,,,LV2254
208,00320,,,LV2333
209,00320,,,LV2409
210,00320,,,LV2410
211,00321,,,LV2328
212,00321,,,LV2326
213,00321,,,LV2342
214,00321,,,LV2254
215,00321,,,LV2333
216,00321,,,LV2409
217,00321,,,LV2410
218,00322,,,LV2328
219,00322,,,LV2326
220,00322,,,LV2342
221,00322,,,LV2254
222,00322,,,LV2333
223,00322,,,LV2409
224,00322,,,LV2410
225,00323,,,LV2433
226,00323,,,LV2205
227,00323,,,LV2202
228,00323,,,LV2414
229,00323,,,LV2429
230,00323,,,LV2411
231,00323,,,LV2415
232,00324,,,LV2433
233,00324,,,LV2205
234,00324,,,LV2202
235,00324,,,LV2414
236,00324,,,LV2429
237,00324,,,LV2411
238,00324,,,LV2415
239,00325,,,LV2433
240,00325,,,LV2205
241,00325,,,LV2202
242,00325,,,LV2414
243,00325,,,LV2429
244,00325,,,LV2411
245,00325,,,LV2415
